motivo,count
desconto revenda,77
Pagamento a vista,34
Itens de variedades da loja que estão no estoque obsoleto alinhado o desconto com o paulo.,27
Autorização de desconto pedido avista fechado com o cooperado,27
Solicitação de desconto para acompanhar a concorrência,21
Concorrencia,19
Desconto aplicado para combater concorrência.,17
desconto Tossani,17
Autorização de desconto pedido fechado com o cooperado,16
Autorização de desconto pedido fechado com o cooperado pagamento 07 dias,16
Desconto tossani,14
Alinhamento comercial,13
Autorição de desconto pedido fechado com o cooperado vencimento 26/01/2025,12
"Acompanhando valor geral da concorrência, Coopercam.",12
Pedido de desconto em negociação para acompanhar preço médio da concorrência.,12
Desconto em produtos para acompanhar preço da concorrência.,11
Ração Chiquinho Juruaia,11
Revenda 3 Barras,11
alinhamento comercial,11
desconto de revenda,10
negociado com cooperado,10
Desconto aplicado para combater concorrência,10
pagamento a vista,10
Desconto solicitado para chegar no preço ca concorrência Coopercitrus e Focco agrícola.,10
condição concorrente coopama,10
Desconto aprovado por Marcelo,10
Ajuste comercial,10
Cooperado fecha nessas condições!,9
Desconto revenda,9
Desconto Chiquinho Juruaia,9
Desconto autorizado pelo supervisor.,9
Desconto para acompanhar a concorrência,9
cooperado fecha nesse preço.,8
Desconto aprovado para combater concorrência,8
Autorização de desconto pedido fechado com o cooperado vencimento 18/02/2026,8
pagamento curto prazo,8
desconto eto,7
Desconto necessário para que o item 2768 chegasse ao preço compatível para realizar mistura com outros defensivos.,7
ração com problema,7
promoção do Empório,7
Autorização de desconto pedido fechado com o cooperado vencimento 26/01/2026,7
Desconto de revenda,7
acompanhar preços coopama,7
cotação autorizada insumos,7
"Compra a vista, no pix.",7
Desconto Lais,7
Desconto aplicado de acordo com valores aprovados pelo Thalles e Inácio.,7
desconto Chiquinho juruaia,7
AUT. DENISE,7
Acompanhar condição comercial encontrada no mercado.,6
Combate a concorrência.,6
ajuste revenda eder,6
acompahar preços minasul,6
desconto revenda regis,6
negociado com Rafael comercial,6
DESCONTO APROVADO PELO GERENTE DE NEGOCIOS RODRIGO MAGRI.,6
Condição para cooperado negociada com CTC. Vem comprando toda pulverização e defensivos com a cooperativa.,6
meu supervisor aprovou pois está com defeito,6
Condição para cobrir preço concorrência.,6
Balizamento de mercado,6
Desconto autorizado 3% gerente. Especifico de cereais.,6
desconto para ajuste de preço concorrência,6
ajuste revenda eder.,6
Cooperado tem na cacapec a esse preço e daria a preferência para cooxupé,6
Autorização de desconto pedido fechado com o cooperado vencimento 27/04/2025,5
desconto Eto,5
Negociação,5
Acompanhar o preço da concorrência.,5
desconto do Empório conforme e-mail do Edson (Torrefação),5
evitando concorrencia,5
desconto revenda Bom Jesus da Penha,5
"desconto alinhado com Flávio gerente e comercial Rafael, produto vencido cooperado ciente.",5
"Terceiro esta em fase final de transação para cooperado, documentação esta tudo ok.",5
desconto solicitado para igualar  valor e concorrente c,5
acompanhar preços coopercitrus,5
Tales avaliar proposta.,5
Autorização de desconto pedido fechado avista preço acompanhando concorrente Coopercam,5
"Ajuste de preço ao mercado, cereais.",5
Cooperado tem na casa do café e daria a preferência para Cooxupé,5
Pagamento a vista .,5
alinhado com gerencia,5
ajuste revenda,5
Desconto autorizado por Paulo 3% gerente,5
acompanhar cotação coopercitrus,5
condição  comercial    gerente   /   cooperado,5
AJUSTE DE PREÇO DEVIDO ALTA DE PREÇO.,5
Autorização de desconto pedido fechado avista com o cooperado complemento de compra do Acordo Nº11815442,5
condição curto prazo,5
negociado com reginaldo e rafael,5
condição  comercial   gerente  /  cooperado,4
NEGOCIADO COM DENISE,4
Venda a vista,4
condição  comercial,4
autorizado,4
"Proponente a cooperado com a aprovação atrasada na cooperativa, ajuste de preço ao preço de cooperado.",4
cooperado   /   gerente,4
cONCORRENCIA,4
Condição para cooperado  retirada em loja,4
acompnhar preços coopercitrtus,4
negociado com Rafael. Neto autorizado por Raul..,4
Pagamento a vista revenda 3 barras,4
Concorrencia.,4
Desconto alinhado com Vandelino,4
pagamentoa vista,4
Desconto aplicado para combater concorrencia,4
CONDIÇÃO CONCORRENTE COOPAMA,4
valores alinhados ana cassia em cotação espcifca.,4
Desconto autorizado 3% gerente. Acordado com Paulo,4
A VISTA CAIXA,4
Desconto autorizado 3% gerente. Autorizado por Paulo otavio,4
Desconto para cobrir preço GA Agronegócios.,4
Desconto casa pescador,4
Desconto alinhado com a gerência.,4
condição   comercial     gerente  /  cooperado,4
DESCONTO A VISTA,4
Por favor conceder desconto  ao cooperado pois o cod.32254 está com pedrado a avariado e os demais conceder desconto de 3%.,4
desconto autorizado por joaquim,4
"produtor está entrando de cooperado, fat 7 dias. entrega apos o pagamento.",4
Revenda 3 barras,4
ajuste comercial,4
Desconto ração Eto,3
Desconto revenda juruaia,3
Desconto Tossani,3
Desc aut Ger Vandelino,3
Desconto ração . Revenda Petúnia.,3
Autorização de desconto pedido fechado com o cooperado preço acompanhando concorrente Capebe qualquer duvida falar direto com o Gerente Inácio Orani Melo,3
condição   comercial,3
Oferta GA Agronegocios,3
Pacote Foliares - 7 dias de prazo,3
Cooperado adquire todos produtos na Cooxupé,3
Alinhado com Dirceu,3
Autorização de desconto pedido fechado com o cooperado vencimento 15/01/2025,3
Desconto para acompanha,3
ajuste de preço em negociação,3
Venda para colaborador Rubinho,3
preço autorizado Junior ICL.,3
negociado com comprador da fazenda,3
Preço acertado com Paulo Otávio.,3
iTEM COM vENCIMENTO PARA DIA 31-01-2026.,3
Meu supervisor aprovou pois está com defeito,3
cooperado fiel en suas compras e movimentação de cafe.,3
condição  comwercial    gerente  / cooperado,3
CONDIÇÃO  COMERCIAL     GERENTE /  COOPERADO,3
acompanhar preço construcar,3
desconto Ração Semanal,3
Negociação direta com o cooperado para acompanhar preço da concorrência.,3
Campanha Empório,3
Desconto alinhado com gerente.,3
desconto referente ao e-mail do Edson da Torrefação,3
Cotação especifica -alinhado comercial insumos,3
Cotação Específica - Alinhado om Comercial Insumos,3
Campanha Café - Mauro Pinheiro,3
Desconto aplicado para combater a concorrência GEAGRO com o de acordo do Inácio.,3
Desconto referente a sacaria rasgada.,3
condição pagamento a vista,3
"Por favor conceder 3% desconto ao cooperado.

OBs: o produto de código: 3868 está com a embalagem danificada / avariada conceder 15% desconto.",3
Autorização de desconto pedido avista fechado com  o cooperado,3
Compra curto prazo.,3
condição  comercial /  erente /  cooperado,3
CONCORRENCIA,3
Cooperado tem na casa do café e daria preferência para Cooxupé,3
"Desconto necessário para vender o item 55290 que temos uma grande quantidade em estoque , porém na embalagem de L, a embalagem de 5 L do item 59369 fica mais barato.",3
desconto João Luzia,3
Camisa com sinal de dobrado,3
Desconto aplicado entre Inácio e cooperado.,3
Cooperado tem na cocapec e dará a preferência para Cooxupé,3
DESCONTO PREÇO MERCADO,3
Desconto de revenda para o Claudio da Petunia,3
Item vence amanha.,3
desconto alinhado com a gerência,3
ajuste de preço,3
Desconto solicitado para chegar  no preço da concorrência W2.,3
condição  comercial    --  gerente  /  cooperado,3
cooperado me da preferncia preço de coocapec.,2
Desconto alinhado com o gerente.,2
Desconto para pagamento a vista.,2
Autorização de desconto pedido fechado com o cooperado preço acompanhando concorrente Geagro e Coopercam,2
Desconto já feito ao cooperado anteriormente,2
acompanhar preço coopama,2
Cotação específica - Alinhado com Joaquim Comercial Insumos,2
"Preço concorrente PMG, pagamento a vista",2
condição acertada com fornecedor autorizada Raul e Lais Gerente de loja,2
Acompanhar condição comercial INOVA e PROTEC.,2
Cooperado abriu esse valor do opera que é o valor que ele tem na loja agro carvalho.,2
Autorização de desconto pedido fechado com o cooperado alinhado com o gerente Inácio Orani Melo preço acompanhando concorrente Capebe,2
Acertando o item tiguvon com vencimento para janeiro.,2
Alinhado com Comercial,2
Desconto autorizado pelo supervisor calça promoção.,2
Itens de variedades da loja que estão no estoque obsoleto alinhado o desconto com o Paulo.,2
Autorização de desconto pedido avista fechado com o cooperado preço acompanhando concorrente Coopercam,2
denise autorizar,2
COOPERADO TEM ESSE PREÇO NA COOCAPEC,2
Cobrar oferta concorrência.,2
Desconto alinhado com João Carlos gerente.,2
"Produto vencendo , L08	46954	Fungicida CYPRESS 400 EC 1 L	FR	12	0003-24-01584	31/01/2026",2
pra ficar preço competitivo com o preço coocapec,2
Preço pra igualar a Concorrência -  Coopercitrus,2
cooperado fecha nesse preço de coopercitus,2
autorizado por Denise,2
produto danificado rachadura no tanque,2
Desconto para acompanha a concorrência,2
"Negociação direta com o representante de vendas, valor para acompanhar o preço da coopercitrus.",2
incentivo comercial,2
Acompanhar Coopama,2
Desconto soliocitado para chegar no preço que eles trouxeram da concorrencia.,2
Desconto alinhado com Rafael esposo da Gicelma Aparecida,2
Cooperado tem na cocapec a esse preço e daria a preferência para cooxupé,2
autorizado pelo comercial,2
concição concorrente coopama,2
Desconto promoção cappuccino,2
Produto com validade próxima ao vencimento.,2
combate a concorrencia,2
Desconto aplicado para combater concorrência COOPERCAM com o de acordo do Inácio,2
COOPERADO TEM ESSE PREÇO NA COOCAPEC DO ROUNDUP,2
cooperado    /  gerente,2
Preço negociado com o vendedor para acompanhar valores da concorrência.,2
gerente  /  cooperado,2
Alinhamento com o comercial.,2
Desconto,2
desconto para cobrir preço da concorrência,2
mesma condição da ordem 11830709 -,2
Autorização de desconto pedido fechado com o cooperado vencimento 15/04/2026,2
pagamento avista,2
Pagamento a vist,2
Cotação Específca - Alinhado como comercial insumos,2
Desconto promoção.,2
Desconto solicitado de acordo com a promoção dos 10% de desconto.,2
Desconto aplicado para combater concorrência COOPERCAM.,2
"Prorecover Power Plant vencido, desconto necessário para fechar a negociação.",2
"Desconto autorizado pelo supervisor, sapato com elastico do cadarço arrebentado.",2
Fechamento feito semana passada e nao faturado pelo vendedor.,2
acompanhar  preço agrolima,2
desconto produto vencido.,2
desconto 3% para Warllen.,2
Desconto concedido para acompanhar a concorrência.,2
"Desconto necessário para a finalização da compra, cooperado cotando em outra cooperativa, mas seguindo a recomendação Cooxupé e preferência Cooxupé.",2
"cooperado muito participativo, está dando preferência para a cooxupe. preço do verdadero no mercado é de 285,00",2
condição  comercial    gerente /  cooperado,2
cotação especifica alinhada com guilherme fmc,2
POR FAVOR CONCEDER DESCONTO AO COOPERADO.,2
Acompanhar preço Coopercitrus.,2
Desconto aplicado para combater concorrência COOPERCAM com o de acordo do Inácio.,2
Cooperado tem na cocapec mais dará a preferência para Cooxupé,2
"o item :46057-Fertilizante Foliar YARAVITA MAGTRAC 5 L-02 unidades. encontrou oferta na Agrofertil santiago de 265,00 preço unitário, 
o item: 442-boro granulado 10% preço da tabela de fertilizantes L23 com  margem 21.8%",2
Desconto solicitado pelo Cleiton,2
ajustando preço de embalagem - 20 lt em falta e preciso sair com estoque deste,2
Preço Coopama,2
Solicitação de desconto para acompanhar a concorrência - ação vendas ICL,2
Cliente de Ração mensal,2
Desconto aplicado em negociação entre Inácio e cooperado.,2
Autorização de desconto pedido avista fechado com o cooperado alinhado com o gerente Inácio Orani Melo preço acompanhando concorrente Coopercam,2
Desconto preço concorrente,2
cooperado fecha nesse preço de coocapec,2
Acompanhar o valor da concorrência.,2
conforme pregao escola agricola,2
compra a vista,2
desc aut ger do Nucleo Vandelino,2
Pagto vista Sandro Elísio,2
Desc aut ger Vandelino,2
liquidação por vencimento,2
desconto solicitado acompanhar  preço concorrente copercitrus,2
Desconto solicitado pelo cooperado.,2
Alinhado com Paulo Otávio - acompanhar concorrência local,2
"Desconto aut. por Simoninho - grupo unilago, cooperado vai retirar na Loja.",2
Alinhado com a gerencia.,2
PREÇO ALINHADO DANIEL,2
Acerto Comercial Com Flávio (Gerente Rio Paranaíba-MG).,2
Desconto eto,2
COBRIR OFERTA COOPERCAM,2
Desconto Ração semanal,2
desconto acertado com insumos,2
condição  comercial  /  gerente,2
Ajuste de preço,2
"meu supervisor aprovou. 
Está com defeito",2
condição  comercial   /   gerente  cooperaod,2
Autorização de desconto pedido fechado com o coooperado preço acompanhando concorrente Coopercam,2
Concorrenacia,2
Desconto combinado para revenda,2
Meu supervisor aprovou pois estava com uma amassado na aba,2
venda de ralção a vista,2
Autorização de desconto pedido avista fechado com o coopero preço acompanhando concorrente Coopercam,2
condição coopama,2
"Desconto para cooperado.
Já alinhado com a gerencia do núcleo.
Preço para batermos com o da concorrência.",2
Acerto Comercial Com Flávio (Gerente Rio Paranaíba-MG). Acompanhar Mercado (Coopercitrus/São Gotardo-MG).,2
DESCONTO CEDIDO PELO GERENTE,2
Alinhado direceu,2
Desconto Eto,2
AJUSTE DE FATURAMENTO,1
Alinhamento comercial.,1
Desc aut Ger Nucleo Vandelino,1
"Conforme conversado com o Paulo, liquidação das câmara de ar que está antiga em nosso estoque",1
"Condição para cooperado, sempre compra volume conosco e dá preferencia.",1
"Preço de mercado, consultado ontem e estava a 1400,00 na Cooxupé, cooperado veio buscar hoje",1
Acompanha condição comercial,1
"acompanhar preços coopercitrus, cooperada fechou pacote, faltou 40 lts",1
Desconto autorizado pelo gerente.,1
desconto ofertado para fechar nenócio,1
Desconto solicitado para chegar no preço da concorrência Futura.,1
Cobrir oferta Sagra. Alinhado Com Talles,1
"Desconto autorizado pelo supervisor, calça danificada.",1
Autorização de desconto pedido fechado com o cooperado alinhado com o gerente Inácio Orani Melo preço acompanhando concorrente Coopercam,1
Preços negociados - Gustavo Basf.,1
para acompanhar o mercado Robinho agricola faz esse preço,1
Desconto pra igualar a concorrência  -  Coopercitrus,1
DESCONTO ACERTADO COOP/INACIO,1
Cooperado adquire todos produtos na COOXUPÉ,1
Desconto aut ger vandelino,1
desconto tossani,1
"Compra a vista, no pix, ADUBO VENCIDO, AVARIADO.",1
LIQUIDAÇÃO POR VENCIMENTO,1
Alinhado com gestor.,1
a fim de chegar no preço de negociação,1
acompanhar preço de coocapec,1
"Alinhado com gerência, com base no preço de custo.",1
Produto com vencimento próximo. Vencimento Jan/2026,1
VALIDADE PROXIMA,1
limpa estoque -  resto de porduto - Mauro Pinheiro,1
Cliente cereais,1
"Galão furado, faltando produto - acertado Mauro Pinheiro",1
Cooperado tem  na casa do café e dará a preferência para Cooxupé,1
ajuste comercial compra a vista.,1
COMBATE CONCORRENCIA,1
Desconto concedido pela gerente Michelle pois o produto estava próximo da data de vencimento.,1
Conccorencia,1
NEGOCIADO COM COOPERADO,1
Produto com validade proxima ao vencimento,1
"Desconto concedido pela gerente, item com vencimento proximo.",1
Condição para produto próximo ao vencimento.,1
Alinhamento com o gerente.,1
Preço concorrente,1
Alinhado com gestor,1
Está com defeito. Meu supervisor aprovou,1
"Cooperado fez cotação na Coopercitrus à R$ 97,00",1
Complemento de peso da ordem de venda 11844295. Caminhão passou 100 kg no pedo.,1
Refaturamento no prazo para o titulo ser pago com credito que será gerado com o cancelamento,1
"Desconto para cooperado.
Para mantermos preço com o da concorrência.",1
Desconto aplicado para combater concorrência COOPERCAM,1
ajuste ração revenda eder.,1
Cooperado tem na cocapec e dará a preferência para Cooxupé avista,1
"Concorrência
 - Cliente tem este preço na Futura.",1
DESCONTO AUTORIZADO PELO GERENTE DO NUCLEO COM ALINHAMENTO JUNTO AO FORNECEDOR,1
Preço concorrência,1
item48881 esta próximo o vencimento,1
compra de   ração     gerente   /  cooperado,1
Fábio Miltão,1
"Está com defeito. 
Meu supervisor aprovou",1
autorizado por Ana Cassia,1
desconto pagamento a vista com 30 dias !!,1
cooperado tem esse preço na bolsa,1
"Desconto aprovado pelo gestor, cliente muito bom.",1
Acompanhar preço da concorrência.,1
Autorização de desconto pedido avista fechado com o cooperado alinhado com o gerente Inácio Orani Melo e Emerson Caselato,1
Acerto Comercial Com Flávio (Gerente Rio Paranaíba-MG). Acompanhar Mercado.,1
"Desconto ajustado entre cooperado e o Milton por se tratar de fertilizantes de ponta de estoque, molhado empedrado e faltando peso.",1
Ração com vencimento próximo dia 25-01-2026  está Danificada.,1
AJUSTAR CONFORME CONCORRENCIA,1
Desconto aplicado para combater concorrência Coopercam. com o de acordo do Inácio.,1
"Por favor, conceder desconto ao cooperado, para igualar com o preço do concorrente.",1
"forno com 1 detalhe, cooperado leva, desde parcelado em 3 vezes",1
PAGAMENTO CURTO PRAZO,1
ACOMPANHAR PREÇO CONCORRENCIA - COOPERCAM / AUTORIZADO INACIO,1
Desconto autorizado Gerente.   Condição   á vista .,1
complementação de volume,1
Desconto aplicado conforme negociação entre o Gerente Inácio e o cooperado.,1
PRODUTO VENCIDO E PEDRADO - TODO ESTOQUE DESTE ITEM COM PROBLEMAS.,1
Desconto para acompanhar o preço da concorrência.,1
Acompanhar preço concorrente.,1
"Desconto concedido pela gerente, item próximo de vencimento",1
Vencido e pedrado. Alinhado Com Dirceu,1
Liquidação de estoques - Produto vencido -Alinhado com a gerencia,1
Desconto para cobrir preço da concorrência.,1
"Todos os produtos na nota encontram-se danificados e/ou vencidos. O cooperado está fazendo uma ""limpa "" no nosso estoque e para levar tudo, fizemos o desconto um pouco maior.",1
Desconto devido a ajuste de embalagem.,1
Cooperado tem o mesmo na Cocapec por 1730 o galão para 90 dias  e daria a preferência para Cooxupé a esse preço,1
preço para ganharmos cotaçao concorrente coopercitrus,1
condição comercial,1
Fábio - Acompanhar preço do mesmo que fizemos começo da semana,1
Desconto necessario para concluir a negociação,1
Concoorencia,1
condição  comercial  gerete  / cooperado,1
Ajuste de peço acertado por motivo de ponta de estoque molhado.,1
acompanha concorrencia,1
"Por favor conceder desconto ao cooperado, para igualar com preço do concorrente.",1
Atender a demanda do cliente conforme condições comerciais alinhadas com Marcelo CTC.,1
desconto ração,1
Cotação Específica - Alinhado Comercial Insumos,1
Autorização de desconto pedido fechado com o cooperado preço acompanhando concorrente Coopercam,1
desconto alinhado com gerente,1
Solicitação de desconto para acompanhar a concorrência - estoque disponível,1
condição  comercial  gerente,1
acompanhar preço,1
acompanhar prelo coopama,1
preços da coopama,1
"Sal com vencimento em 06-FEV-26, custo 76,11/ sc",1
oncorrencaia,1
Parte de saldo de adubo vencido e empedrado que que se encontra em nosso estoque. Desconto devido a qualidade do produto. Preço acertado com Dirceu Custo de estoque.,1
desconto do gerente,1
Preço passado na sexta-feira como precisava ser lançado a vista caixa e o caixa havia fechado deixamos para lançar hoje. Pedi autorização para o Rafael.,1
alinhado com gerente,1
DESCONTO 3 ACOMPANHAR PREÇO DE MERCADO,1
Desconto para igualar preço do mercado local.,1
Desconto combinado pelo CTC Marcelo.,1
Desconto Revenda Petúnia.,1
Acompanhar o preço da concorrência,1
"pedido 3% para fechamento pacote, complemento.",1
cooperado fecha nesse preço,1
desconto combinado para revenda,1
"Cliente adquire todos itens para rações na Cooxupé, em volumes razoáveis, valor em questão chega próximo ao praticado para cooperado",1
Promoção ação de vendas,1
Favor conceder desconto ao cooperado.,1
desconto linha 10%,1
Desconto da promoção.,1
Desconto aplicado para combater concorrência COOPERCAM. Com o de acordo do Inácio,1
Cotação Específica -  Alinhado com Comercial Insumos,1
desconto promocao 10%,1
complemento de pedido,1
"Desconto solicitado para fechamento do conjunto de produtos, cooperado cotou em outra cooperativa, preferência Cooxupé.",1
favor aplicar desconto de 10% da promoção,1
adubo molhado.,1
DESCONTO COMERCIAL  OBS : CONVERSEI COM RAFAEL,1
Promoção ação de vendas semana dia 19/01 a 23/01 .,1
Desconto de acordo com a campanha. Gerente de acordo,1
acompanhar preços da coopercitrus,1
aprovado pelo rafael insumos,1
"item um pouco daificado(ferrugem), mesmo preço por metro no item de 1000 mt",1
Compra a vista,1
COOPERADO HAVIA PREÇO MELHOR NO CONCORRENTE A 440,1
Desconto autorizado pelo aupervisor.,1
"cooperado tem na bolsa nesse valor a vista, se conseguirmos ira dar preferencia para nós!",1
COBRIR OFERTA CAMPNEUS,1
"Solicitação de desconto acompanhar a concorrência, complemento de pulverização",1
autorizado Junior ICL,1
10% PROMOCAO,1
DESCONTO 10 %CAFE,1
RELÓGIO SEM BATERIA.,1
Desc da Promoção Botinas Anatomic Gel,1
Promoção no empório,1
desconto 10% botina cooxupe,1
Favor conceder desconto de 3% ao cooperado.,1
Limpa estoque L22. Acompanhar condição comercial a preço de cooperado.,1
botinas cooxupe 10% desconto,1
"Liquidação de estoque, produto vencido, alinhado com a gerência.",1
COTAÇÃO CASA DO CAFÉ,1
"Desconto para fechamento, não possui outra embalagem maior no estoque.",1
desconto alinhado com Joaquim.,1
Cotação Especifica - Leiliene,1
Desconto solicitado para efetivar negociação com o cooperado.,1
"Acompanhar condição comercial encontrada no mercado. 

Limpa estoque L22.",1
Acerto comercial p/ peso,1
"Adubo vencido e pedrado, limpar estoque,",1
Desconto devido ao vencimento próximo 20/01,1
acompanhar condição da minasul,1
TERCEIRO/COOPERADO,1
Colaborador,1
Desconto alinhado com Sergio Cruvinel.,1
"Concorrente Agropec esta praticando R$ 450,00",1
desconto botinas 10,1
"Preço negociado, balizado mercado",1
desconto 10% cafe,1
Preciso do desconto novamente - tive que refazer. Deu problema no caixa,1
Acerto Comercial,1
Promoção da semana do dia 19 a 23/01.,1
Funcinária,1
PROMOÇÃO EMPORIO,1
Liquidação de estoques - Fertilizante danificado- Alinhado com a Gerencia,1
Desconto De acordo com Ademir,1
Produto danificado,1
Preço na cooperativa de Paraguaçu,1
Limpa estoque - Produto vencido.,1
Promoção do emporio,1
DESCONTO NECESSÁRIO PARA FECHAR CAIXA,1
Desconto Joaquin,1
Preço concorrente PMG.,1
desconto 10%cafe,1
desconto 10 % cafe,1
Promoção Empório dia 19 a 23/01.,1
condição acertada comercial insumos,1
Promoção Empório semana dia 19 a 23/01 .,1
Promoção Empório dia 19 a 23/01 .,1
Acompanhar preço concorrente Sagra.,1
"Negociação realizada anteriormente (n° da ordem:11835282) em um volume maior. No entanto, faltou 1L para completar a aplicação na área.",1
Desconto alinhado com Leiliele para igualar a cotação realizada pelo cooperado em Rio Paranaíba.,1
por favor conceder desconto.,1
"cooperado tem na cocapec a esse preço, para pagamento com 90 dias! mas dara preferencia para cooxupe!",1
Alinhado com Paulo Otávio,1
acompahar preço coopama,1
desconto por motivo de defeito,1
Preço autorizado por Thales conforme email qui 08/01/2026 07:50.,1
Acompanhar preço da concorrência,1
Desconto acordado com o ADM da Bayer e Paulo Otavio,1
mix de produtos foi desmembrado em dois pedido,1
Fertilizante danificado - Alinhado com o gerente,1
COBRIR OFERTA MERCADO LIVRE,1
Venda Lucas CP,1
"Acerto Comercial Com Flávio (Gerente Rio Paranaíba-MG). Acompanhar Mercado. Custo Item R$3.154,53/TN.",1
Desconto solicitado para acompanhar preço da concorrência.,1
Mercadoria danificada,1
Negociação com cooperado.,1
Descontos concedido por Leiliele.,1
Liquidação de estoques - Fertilizant vencido- Alinhado com a gerencia,1
condição concorrente Geagro,1
cooperado adquire todos produtos na Cooxupé,1
cooperado tem na bolsa esse valor para 90 dias!,1
Desconto a vista,1
"Venda feita com preço de terceiro, produtor estrategico entrando de cooperado, por enquanto somente matricula de terceiro.",1
Cooperado tem esse preço na concorrência minassul e da preferencia para gente!,1
"Desconto para acompanhar a concorrência, acompanhar mesmo preço feito ao cooperado no dia 08/01",1
mesmo preço que na fitovet em paraguaçu,1
"compra a vista, concorrencia coopama.",1
cobrir preço coocapec !!,1
CONDIÇÃO concorrente coopama,1
DESCONTO AUTORIZADO PELO GERENTE ANDRE,1
acompanhar preço minasul,1
Autorizado comercial calça com defeito,1
"desconto solicitado para finalização da venda, cooperado cotou na concorrência, preferência Cooxupé",1
Funcionário,1
desconto pacote,1
Alinhado com o Jorge Almeida,1
"Cooperado ligou cedo para mim cotando a maquina onde passei o valor de 2428,00 para 60 dias, onde teve um aumento e o cooperado não queria ficar com a maquina no valor ajustado no sistema, conversando com a leiliele conseguiu alterar o preço porque é um item que temos em estoque.",1
Desconto para acompanhar a concorrência capebe alinhado com Thalles,1
Desconto alinhado com Inácio para acompanha o preço já feito para o cooperado no dia 12/01,1
"desconto conforme compra já feita e cancelada, até o momento o crédito do cancelamento não voltou para o cooperado.",1
promoção do Empório - referente e-mail do Edson da Torrefação,1
Acompanhar Coopercitrus.,1
ajuste comercial falta produto de 20 litros,1
ajuste preço equivalente Coocapec !,1
Desconto negociado com o tdm da Bayer Matheus.,1
"para cobrir a oferta da café forte 340,00 a unidade",1
"Favor, conceder desconto ao cooperado para igualar ao preço do concorrente.",1
"Alinhamento comercial, para repor valor passado anteriormente",1
DESCONTO NECESSÁRIO PARA IGUALAR PREÇO DE CONCORRENCIA,1
"Preço para cobrir oferta concorrência,",1
cobrir oferta Coopercam,1
Conforme negociação AT da Syngenta,1
COBRIR OFERTA,1
Desconto alinhado com Rafael,1
Promoção do Empório,1
Alinhamento comercial - Acompanha concorrencia Agroval e Agroterra,1
Acompanhar coopercitrus,1
estoque negociado aguardava estoque,1
concorrencia    AP,1
"Produto vencido onde deixamos claro para o cooperado, alinhado com o gestor.",1
preço autorizado pela Ana Cássia via ligação.,1
Desconto ração Revenda Petúnia.,1
Liquidação de estoques - Produto vencido -  Alinhado com a gerencia,1
Desconto lais,1
item:48881 cappucino esta proximo ao vencimento,1
Acompanhar Concorrencia,1
"meu supervisor aprovou, calças com defeito",1
Desconto aplicado para combater concorrência. Com o de acordo do Inácio,1
alinhado com gestor,1
Acompanhando mercado local.,1
DESCONTO A VISTA - MERCADO,1
Solicitação de desconto para acompanhar a concorrência -  coopercitrus,1
Desconto para acompanhar concorrência,1
compra curto prazo,1
desconto 10% promoção botina Cooxupé,1
"Cooperado conseguiu por R$ 350,00 na Agropec",1
"Por favor, conceder desconto ao cooperado, preço mais caro do que do concorrente.",1
Liquidação de estoques - Fertilizante vencido - Alinhado com a gerencia,1
Desconto por avaria.,1
Desconto necessário para fechar o item convicto substituir o opera que não temos no estoque.,1
"Acerto Comercial Com Flávio (Gerente Rio Paranaíba-MG). Acompanhar  Mercado (Coopercitrus/São Gotardo-MG). Custo Item R$1,66/KG. Frete FOB (Retirada Por Conta do Cooperado).",1
Acompanhar,1
Negociação especifica - Acompanhar concorrente,1
"Refaturamento, pagamento avista.",1
Concorrência Coopercitrus,1
"Acerto Comercial Com Flávio (Gerente Rio Paranaíba-MG). Acompanhar Mercado. Custo Item R$7,20/KG.",1
tempo para cooperado ir e acertar no banco,1
condição autorizada Laís,1
"Desconto para fins de negociação, gerente de acordo.",1
desconto quantidade,1
Solicitação de desconto para acompanhar a concorrência - complemento do acordo de vendas 11854107 usando estoque disponível (faltou 1 big bag),1
Acompanhar Concorrência,1
"tabela l23, 5% de margem sem frete retirada loja",1
"Meu supervisor deixou fazer por 400,00",1
Desc alinhado com Ger Vandelino,1
"compra curto prazo, agropecuaria cabo verde praticando valor abaixo do nosso precisando do desconto para nao perder a venda.",1
Desconto para atender a venda de 20 sacos da ração vencendo hoje.,1
Adubo velho,1
PREÇO ALINHADO PAULO OTAVIO ACOMPANHAR CONCORRENTE SAGRA,1
Cooperado tem na cocapec a esse preço e daria  preferência para cooxupé,1
"Refaturamento acordo de venda - 11681431 

Falta do produto em estoque, cooperado precisa do item com determinada urgência",1
telhas  quebradas.,1
desconto mercado,1
"Desconto autorizado por Paulo Otavio. Cotação especifica cereais, azospirilum mosaic.",1
Refaturamento devido ao ultimo pedido ter sido cancelado. Cliente potencial que esta voltando com a sua participação na empresa. Intuito de acompanhar condição comercial encontrada no mercado e zerar o estoque.,1
Desconto autorizado por Paulo Otavio. Cotação especifica de cereais.,1
Produto com vencimento proximo,1
Desconto aplicado em negociação entre Inácio e cooperado com o de acordo do Douglas.,1
Desconto para fins de negociação.,1
DESCONTO AUTORIZADO,1
acompanhar preços corples,1
Desconto alinhado ontem com o Rafael para chegar o mais próximo da concorrência.,1
Concorrencia Campo verde,1
DESCONTO ALINHADO MAURINHO,1
Desconto 60850 defeitinho na gola.,1
Concorrencia - \Campo vErde,1
Concorencia - Campo verde.,1
Desconto alinhado com meu supervisor Bruno Tadeu.,1
ajuste revenda .,1
"Liquida estoque.
Autorizado pela gerência.",1
ajuste de preço ao mercado,1
Pagamento curto prazo,1
"compra a vista, posto combustivel na cidade",1
"preço para cobrir a oferta da coocafe, que 330,00 a vista",1
"Todo o saldo de estoque loja 12 do item 4570 está vencido mais de ano, Desconto devido a qualidade do adubo. Custo no ERP -            R$ 1886,725931504",1
Acompanhando o mercado local.,1
Desconto gerente,1
"Alinhado desconto com Mauro, adubo vencido no pátio.",1
Rafael olha se é possivel esse valor com 90 dias o cooperado não quer ter o trabalho de levar o contrato para avalista assinar vou ter que cancelar o outro pedido novamente.,1
DESCONTO ALINHADO COM DANIEL VENDIDO PELO MARCELO LIMA,1
DESCONTO OFERTADO PARA FECHAR A OPERAÇÃO.,1
Desconto para pagamento a Vista.,1
pedido fechado pelo fornecedor- entrega por conta do próprio fornecedor- Natan,1
produto vencimento essa semana,1
combate de concorrencia,1
DESCONTO QUANTIDADE,1
PREÇO ALINHADO MAURINHO,1
"o item:48881 esta próximo ao vencimento, por isso a o preço promocional",1
Desconto alinhado com o ADM de Cereais e Paulo Otavio.,1
"Meu supervisor aprovou, está com defeito",1
desconto aplicado de acordo com negociação,1
Produto vencido e pedrado,1
meu supervisor aprovou. ESTÁ COM DEFEITO,1
Compra a vista.,1
meu supervisor aprovou pois está na promoção,1
Meu supervisor aprovou. São calças com defeitos,1
Preo acertado com Paulo Otavio,1
desconto solicitado para cobrir preço da concorrência,1
As calças estão com defeito. Ai meu supervisor aprovou,1
Desconto referente a quantidade comprada pelo Cooperado.,1
Acerto de estoque produtos danificados.,1
Desconto solicitado pelo cliente.,1
acompanhar preços coopercitreus,1
"FALTOU 40 LT DA ULTIMA COMPRA DELE, PREÇO TINHA SIDO ALINHADO PAULO OTAVIO",1
preço de concorrente.,1
DESCONTOAUTORIZADO,1
"Limpa estoque.
Autorizado pela gerência.",1
Desconto Thulio AGROCP,1
"meu supervisor aprovou, calcas com defeito",1
Desconto para acompanhar acompanhar,1
desconto autorizado Gerente,1
"Pedido tirado pelo TDM Leonardo, preço específico feito pelo RTV Neto.",1
"Já foi dado desconto nesse ítem ao cooperado, está comprando mais.",1
Produto vencido,1
ALINHADO PAULO OTAVIO,1
PREÇO DE COOCAPEC,1
Autorização de desconto pedido fechado com o cooperado vencimento 27/04/2026,1
"Cobrir oferta agrocerrado, alinhado com Joaquim",1
Limpa estoque - muito molhado e faltando peso - - Mauro Pinheiro.,1
PREÇO COOCAPEC,1
Desconto necessário pois o adubo está empedrado. Acerto de estoque,1
"Compra a vista, no pix, entrega imediata.",1
compra farelo de soja em grande quantidade,1
Concorrência Cooprcitrus .,1
"Desconto autorizado por Inácio para equiparação de preço com concorrência (Coopercam e Geagro), com custo acompanhado pelo Emerson (ICL).",1
cooperado fecha nesse valor preço de coopercitrus,1
Desconto para ganhar cotação concorrência,1
"cooperado fecha nesse valor produto final de ciclos senão sai só la em novembro,preço de coocapec",1
"Desconto autorizado pelo supervisor, calça promoção.",1
acompanhar,1
Autorização de desconto pedido fechado avista com o cooperado,1
Desconto alinhado com Dirceu,1
Desconto para chegar no preço da concorrência alinhado com o Rafael.,1
Condição para produto com prazo vencimento próximo,1
meu supervisor aprovou pois estava com defeito,1
Condição produto proximo ao vencimento.,1
"ATENDER SOLICITAÇÃO COOPERADO, VALOR ACERTADO COM VENDEDOR",1
"Meu supervisor aprovou, pois está com defeito",1
"Condição para cooperado área de ação proximo a região de Caratinga. 
Margem 53%",1
Acompanhar concorrência,1
COTAÇÃO EXPECIFICA ALINHADO JOAQUIM E PAULO OTAVIO,1
Acerto Comercial Com Flávio (Gerente Rio Paranaíba-MG). acompanhar Mercado (CARPEC/Carmo do Paranaíba-MG).,1
Desconto alinhado,1
Acompanhar concorrência local. Autorizado pelo gerencia,1
a VISTA CAIXA,1
Cobrir oferta Coopercitrus.,1
acompanhar preço coopercitrus,1
mesmo desconto da última compra do mesmo produto,1
Cobrir oferta HInova de Patrocinio.,1
Alinhado com comercial,1
estão com defeito. meu gerente aprovou,1
ajuste revenda agropecuaria cabo verde.,1
Acompanhar preço concorrente JFAgonrgocios.,1
cooperado com valor mais baixo na concorrência,1
Autorização de desconto pedido fechado com o cooperado alinhado com o Gerente Inácio Orani Melo preço acompanhando concorrente Coopercam e Geagro,1
"Conceder desconto para produto, o produto está vencido, empedrado e com embalagens avariadas.",1
